Trend,2025,2026,2027,2028,2029,2030,Startup Opportunity,"Growth rate, WoW",YC chances,Related trends
Advances in Generative AI,40%,55%,70%,80%,90%,95%,"""VizCraft"": Create interactive 3D environments and simulations with natural language. Think ""Sims"" + ""DALL-E"" for training, design, and virtual events, leveraging Generative AI.",10.80%,90%,"Advances in Generative AI, Demand for Immersive Experiences, Creator Economy Boom, Remote Work/Education Evolution"
Rise of Personalized AI Companions,30%,40%,50%,60%,70%,80%,"""ProAct"": Proactive AI assistant anticipating needs across platforms. Learns from user data to offer solutions, schedule tasks, boosting efficiency, leveraging Personalized AI.",7.70%,80%,"Rise of Personalized AI Companions, Advances in Generative AI, Edge Computing Proliferation, Increased Comfort with AI Interaction, Datafication of Everything"
Enterprise AI Adoption,20%,30%,40%,50%,60%,70%,"""InsightFlow"":  AI-powered business intelligence. Analyzes multi-source data for insights via interactive dashboards, natural language summaries, powered by Enterprise AI.",7.70%,85%,"Enterprise AI Adoption, Datafication of Everything, Advances in Generative AI"
Demand for Immersive Experiences,35%,45%,55%,65%,70%,75%,"""MetaTutor"": Personalized, multi-modal learning via AR/VR. AI tutors adapt to learning styles, providing real-time feedback, driving Immersive Experiences.",8.30%,70%,"Demand for Immersive Experiences, Rise of Personalized AI Companions, Advances in Generative AI, Remote Work/Education Evolution"
Creator Economy Boom,25%,30%,35%,40%,45%,50%,"""StorySpark AI"": Helps creators with multi-modal content (scripts, storyboards, etc.) for short-form video. Analyzes trends, suggests ideas, accelerating creation in Creator Economy.",5.80%,75%,"Creator Economy Boom, Advances in Generative AI, Demand for Immersive Experiences"
Cybersecurity Threats,45%,50%,55%,65%,70%,75%,"""CyberGuardian AI"": Detects and responds to multi-modal attacks, e.g. recognizing a phishing attempt by email content, voice attachments, and fake social media posts.",8.30%,75%,"Cybersecurity Threats, Advances in Generative AI, Datafication of Everything, Enterprise AI Adoption"
Datafication of Everything,25%,30%,35%,40%,45%,50%,"""DataWeave"":  Integrates/analyzes diverse data with multi-modal AI. Uses a drag-and-drop interface and natural language querying, capitalizing on Datafication.",5.80%,70%,"Datafication of Everything, Enterprise AI Adoption, Advances in Generative AI"
Edge Computing Proliferation,30%,40%,50%,60%,65%,70%,"""EdgeSense"": Develops/deploys multi-modal AI on edge devices (phones, wearables, IoT). Focuses on real-time video/audio for smart homes, industry, health, using Edge Computing.",7.70%,60%,"Edge Computing Proliferation, Rise of Personalized AI Companions, Datafication of Everything, Increased Comfort with AI Interaction"
Remote Work/Education Evolution,15%,18%,20%,22%,23%,25%,"""CollabSpace AI"": Multi-modal platform for remote teams. AI-powered summaries, translation, task management, and a shared virtual whiteboard, facilitating Remote Work.",2.90%,65%,"Remote Work/Education Evolution, Advances in Generative AI, Enterprise AI Adoption, Increased Comfort with AI Interaction"
Increased Comfort with AI Interaction,15%,20%,25%,30%,35%,40%,"""AI Buddy"": User-friendly, multi-modal AI assistant for everyday tasks. Evolves from Alexa/Siri, with deeper context understanding, interacting via voice, text, images, gestures.",3.80%,50%,"Increased Comfort with AI Interaction, Rise of Personalized AI Companions, Advances in Generative AI, Edge Computing Proliferation"