Trend,2025,2026,2027,2028,2029,2030,Startup Opportunity,"Growth Rate, WoW",YC Chances,Related Trends
Personalized Neurostimulation,15%,20%,25%,30%,30%,25%,"""FlowState AI"":  A subscription service providing personalized brainwave entrainment programs via a comfortable, stylish wearable. Uses AI to adapt stimulation protocols based on biofeedback (EEG, HRV) and user-reported goals (focus, relaxation, creativity).",6%,70%,"Personalized Neurostimulation, Advanced Biofeedback & Neurofeedback, AI-Driven Personalized Content Generation, Quantified Self & Biometric Data Tracking"
VR/AR/MR for Immersive Experiences,20%,25%,30%,35%,30%,25%,"""Synesthetic Journeys"":  Creates hyper-realistic, interactive VR/AR experiences designed to induce specific altered states. Combines visuals, sound, haptics, and even scent to mimic the subjective effects of various substances (without the substances).",5.50%,65%,"VR/AR/MR for Immersive Experiences, Multi-Modal Sensory Stimulation Devices, Social Connection & Community Building Platforms, Generative AI for Art and Music creation"
Multi-Modal Sensory Stimulation Devices,20%,30%,40%,45%,40%,30%,"""Chrysalis Pod"": A personal sensory deprivation/enhancement pod. Uses precise control of light, sound, temperature, and vibration to create customized ""trips"" lasting from minutes to hours. Includes biofeedback monitoring and AI-powered session generation.",7%,60%,"Personalized Neurostimulation, Advanced Biofeedback & Neurofeedback, VR/AR/MR for Immersive Experiences, AI-Driven Personalized Content Generation, Quantified Self & Biometric Data Tracking, Multi-Modal Sensory Stimulation Devices"
AI-Driven Personalized Content Generation,25%,30%,35%,30%,25%,20%,"""MuseWeaver"": An AI-powered platform that generates unique, personalized music and visual art experiences designed to evoke specific emotional and cognitive states. Users can ""dial in"" their desired state, and the AI creates content in real-time.",5%,75%,"AI-Driven Personalized Content Generation, Generative AI for Art and Music creation, Wellness & Mindfulness Practices, Quantified Self & Biometric Data Tracking"
Wellness & Mindfulness Practices,5%,7%,10%,12%,10%,8%,"""Mindful Metaverse"": A VR/AR platform dedicated to guided meditations, breathwork exercises, and mindfulness practices. Offers social features for group sessions and community support. Gamified elements encourage consistent practice.",5.20%,80%,"VR/AR/MR for Immersive Experiences, Wellness & Mindfulness Practices, Social Connection & Community Building Platforms"
Generative AI for Art and Music creation,30%,35%,35%,25%,15%,15%,"""Algorithmic Aesthetics"": A service and device subscription box that generates unique audio-visual stimulant experience tailored to any particular user based on biofeedback. Will evolve with user preferences by constantly scanning for dopamine spikes.",8%,70%,"Advanced Biofeedback & Neurofeedback, AI-Driven Personalized Content Generation, Quantified Self & Biometric Data Tracking, Multi-Modal Sensory Stimulation Devices, Generative AI for Art and Music creation"
Quantified Self & Biometric Data Tracking,10%,12%,15%,18%,18%,15%,"""Inner Cosmos"": A comprehensive biometric tracking system and AI companion that helps individuals understand their own internal states and identify triggers for optimal mental and emotional well-being. Provides personalized recommendations.",5.10%,65%,"Personalized Neurostimulation, Advanced Biofeedback & Neurofeedback, AI-Driven Personalized Content Generation, Quantified Self & Biometric Data Tracking, Legalization/Decriminalization of Psychedelics (Research Context)"
Social Connection & Community Building Platforms,5%,7%,8%,10%,8%,6%,"""The Collective Unconscious"": Offers group sessions guided by a trained facilitator in order to synchronize brainwaves between multiple participants.",5%,30%,"Personalized Neurostimulation, Advanced Biofeedback & Neurofeedback, VR/AR/MR for Immersive Experiences, Wellness & Mindfulness Practices, Social Connection & Community Building Platforms"
Legalization / Decriminalization of Psychedelics (Research Context),10%,15%,15%,20%,20%,20%,"""Psychedelic Companion AI"": Leveraging the trend of decriminalization and the therapeutic use of psychedelics, this startup offers an AI companion app designed to support individuals during and after psychedelic experiences.",5.80%,65%,"Legalization/Decriminalization of Psychedelics (Research Context), AI-Driven Personalized Content Generation, Quantified Self & Biometric Data Tracking"
Advanced Biofeedback & Neurofeedback,10%,15%,20%,25%,25%,20%,"""Lucid Dream Weaver"": Combines Neurofeedback, light stimulations and sounds in order to let user practice lucid dreaming more effectively",7%,75%,"Personalized Neurostimulation, Advanced Biofeedback & Neurofeedback, Multi-Modal Sensory Stimulation Devices"